"","X","Latitude_NAD83","Longitude_NAD83","BareSoilCover","TotalFoliarCover","GapCover_25_50","GapCover_51_100","GapCover_101_200","GapCover_200_plus","GapCover_25_plus","SoilStability_All","SoilStability_Protected","SoilStability_Unprotected","EcologicalSiteId","DateVisited","PrimaryKey","FH_RockCover","Hgt_Forb_Avg","Hgt_Grass_Avg","AH_ShrubCover","AH_GrassCover","AH_ForbCover","Hgt_Woody_Avg","AH_PerenForbGrassCover","AH_PerenGrassCover","Ecostate","Project","PlotID","DBKey","AH_PerenForbCover","AH_AnnGrassCover","site","MMDD","year","monthnoyear","month","group_date"
"1",8786,32.0177,-107.09945,21.3333333,57.3333333,1.5733333,6.24,20.2266667,62.666667,90.7066667,1.5,1.833333,1.333333,"R042XB012NM","2016/11/07","1611141556434902016-09-01",5.6666667,NA,39.2,3,53.6666667,8.3333333,49,32,31.6666667,5.1,"AIM","Bottom-002","NM_LasCrucesDO_LUP_2016_5-3b_01.mdb",0.6666667,27,"AIM","11/07",2016,11,"112016","fall"
"2",8797,31.83527,-107.02399,68.6666667,18,1.6266667,2.2666667,3.16,82.693333,89.7466667,1,1,1,"R042XB012NM","2016/10/03","16100310170018152016-09-01",2.3333333,NA,22,14,0,0,79.7,0,0,3.2,"AIM","Sandy-470","NM_LasCrucesDO_LUP_2016_5-3b_01.mdb",0,0,"AIM","10/03",2016,10,"102016","fall"
"3",8798,32.02754,-106.94414,38.3333333,12,0.6666667,0,8.7333333,86.066667,95.4666667,2.722222,4,2.466667,"R042XB012NM","2016/08/17","16081712471161842016-09-01",18,11,11.777778,1.3333333,5,0.6666667,11.571429,5,5,3.2,"AIM","Sandy-468","NM_LasCrucesDO_LUP_2016_5-3b_01.mdb",0,0,"AIM","08/17",2016,8,"082016","summer"
"4",8802,31.94952,-106.88623,51,29.3333333,0,10.64,11.3466667,58.426667,80.4133333,1.166667,1.428571,1,"R042XB012NM","2016/08/25","16082509252268562016-09-01",0,19.5,36.166667,21.3333333,15,1.3333333,64.875,16,15,4.1,"AIM","Sandy-466","NM_LasCrucesDO_LUP_2016_5-3b_01.mdb",1,0,"AIM","08/25",2016,8,"082016","summer"
"5",8804,32.0112,-107.341,29.6666667,40,0.88,5.0266667,9.4933333,74.56,89.96,3.388889,2.833333,3.666667,"R042XB015NM","2016/11/17","16112309202346402016-09-01",5.3333333,18.857143,14.25,20,12,11.6666667,59,2,0,3.2,"AIM","Mal-377","NM_LasCrucesDO_LUP_2016_5-3b_01.mdb",2,12,"AIM","11/17",2016,11,"112016","fall"
"6",8806,32.0299,-107.3818,62.6666667,16,0.52,0,5.7866667,81.466667,87.7733333,1.833333,3.25,1.428571,"R042XB012NM","2016/11/17","16112311152389002016-09-01",0,8.916667,NA,10,0.6666667,2,60.888889,0,0,3.2,"AIM","Sandy-465","NM_LasCrucesDO_LUP_2016_5-3b_01.mdb",0,0.6666667,"AIM","11/17",2016,11,"112016","fall"
"7",8808,32.0237,-107.3331,52,25.3333333,1.0666667,8.5333333,9.6,73.626667,92.8266667,1.444444,1,1.666667,"R042XB015NM","2016/12/01","16120116430894482016-09-01",0.3333333,21.4375,10.222222,1,8.3333333,10.3333333,96.571429,3,0,3.2,"AIM","Mal-406","NM_LasCrucesDO_LUP_2016_5-3b_01.mdb",3,8.3333333,"AIM","12/01",2017,12,"122016","winter"
"8",8812,31.79921,-107.27692,52.3333333,23.6666667,2.6,10.8533333,16.7466667,51.053333,81.2533333,1.166667,1.75,1,"R042XB012NM","2016/11/16","16111616433990922016-09-01",2.3333333,12.944444,7.333333,5.3333333,0,15.6666667,65.428571,2,0,3.2,"AIM","Shallow-576","NM_LasCrucesDO_LUP_2016_5-3b_01.mdb",2,0,"AIM","11/16",2016,11,"112016","fall"
"9",8814,31.86216,-106.94546,53.3333333,34,0,1.1733333,0,62.466667,63.64,1,1,1,"R042XB012NM","2016/10/05","16100510513021652016-09-01",4.6666667,NA,NA,31,0,0,82,0,0,3.2,"AIM","Sandy-462","NM_LasCrucesDO_LUP_2016_5-3b_01.mdb",0,0,"AIM","10/05",2016,10,"102016","fall"
"10",8815,31.82706,-106.85036,45,31,4.6266667,6.5733333,7.24,56.853333,75.2933333,2.388889,3.714286,1.545455,"R042XB012NM","2016/10/05","16100515373142542016-09-01",5,9.857143,NA,18,0,1.6666667,78.133333,1.6666667,0,4.1,"AIM","Sandy-469","NM_LasCrucesDO_LUP_2016_5-3b_01.mdb",1.6666667,0,"AIM","10/05",2016,10,"102016","fall"
"11",8818,32.1282,-107.3495,35,35,4.64,18.9333333,28.2533333,35.64,87.4666667,1.611111,2,1.461538,"R042XB015NM","2016/10/17","16101710150739482016-09-01",0.6666667,23.24,16.2,0.3333333,12.6666667,22.3333333,26.5,14.3333333,3.3333333,3.2,"AIM","Shallow-550","NM_LasCrucesDO_LUP_2016_5-3b_01.mdb",11,9.3333333,"AIM","10/17",2016,10,"102016","fall"
"12",8819,32.0388,-107.3157,24.3333333,61.3333333,6.24,12.0533333,19.3733333,39.226667,76.8933333,3.647059,3.888889,3.375,"R042XB015NM","2016/10/17","16101715173474852016-09-01",1.6666667,34.8,22,12.3333333,29,30,64.875,5,0.3333333,3.2,"AIM","Mal-381","NM_LasCrucesDO_LUP_2016_5-3b_01.mdb",4.6666667,28.6666667,"AIM","10/17",2016,10,"102016","fall"
"13",8821,31.95013,-106.71525,54.3333333,16,0,6.44,6.2133333,75.64,88.2933333,2.333333,4,2.235294,"R042XB012NM","2016/11/14","16111616411999302016-09-01",0.3333333,33.857143,4,4,1,11,70,10,1,3.2,"AIM","NR-SEED-TRT-02","NM_LasCrucesDO_LUP_2016_5-3b_01.mdb",9.3333333,0,"AIM","11/14",2016,11,"112016","fall"
"14",8823,31.9909,-106.9975,67.6666667,24,2.04,1.5466667,7.52,69.52,80.6266667,1.722222,1.5,1.833333,"R042XB012NM","2016/10/19","16101914152397652016-09-01",1.6666667,7,47.6,23,7,0.6666667,78.7,7.6666667,7,3.1,"AIM","Mal-379","NM_LasCrucesDO_LUP_2016_5-3b_01.mdb",0.6666667,0,"AIM","10/19",2016,10,"102016","fall"
"15",8825,32.07294,-106.48922,41.3333333,26.3333333,1.7066667,6,13.92,53.84,75.4666667,3.722222,4.142857,3.454545,"R042XB012NM","2016/08/03","16080308105523902016-09-01",19.6666667,15.066667,NA,25.3333333,1,2,88.4,2,1,3.2,"AIM","GSand-141","NM_LasCrucesDO_LUP_2016_5-3b_01.mdb",1.3333333,0,"AIM","08/03",2016,8,"082016","summer"
"16",8827,32.1012,-107.2117,59,18.6666667,2.2,3.9733333,13.28,74.92,94.3733333,1.722222,2.4,1.461538,"R042XB012NM","2016/09/01","1609071345385512016-09-01",7.6666667,50,13.9,1.6666667,15,1.3333333,56.75,10.3333333,10,3.1,"AIM","Shallow-549","NM_LasCrucesDO_LUP_2016_5-3b_01.mdb",0.3333333,5,"AIM","09/01",2016,9,"092016","fall"
"17",8829,32.2551,-107.1484,45,37,8.8,13.2,8.9866667,36.546667,67.5333333,2.833333,3.5,2.5,"R042XB012NM","2016/09/05","16090814021780972016-09-01",0,10.625,18.823529,12.6666667,23.3333333,4.3333333,66.7,20.6666667,20.6666667,3.1,"AIM","Sandy-464","NM_LasCrucesDO_LUP_2016_5-3b_01.mdb",0.3333333,3.3333333,"AIM","09/05",2016,9,"092016","fall"
"18",8833,32.3222,-106.9646,40,48.3333333,10.2133333,15.6666667,18.3333333,23.72,67.9333333,2.888889,4.142857,2.090909,"R042XB012NM","2016/09/12","16091514123243082016-09-01",0.3333333,15.5,29.84,5.3333333,42.6666667,1,46.666667,42.6666667,41.6666667,3.1,"AIM","Sandy-472","NM_LasCrucesDO_LUP_2016_5-3b_01.mdb",1,1,"AIM","09/12",2016,9,"092016","fall"
"19",8835,32.40112,-107.22245,55.3333333,16.6666667,0.9866667,3.68,6.96,70.8,82.4266667,2.833333,4.5,2.357143,"R042XB012NM","2016/08/15","16081508511172662016-09-01",8.3333333,9.111111,6,13.3333333,0.3333333,2,60.3125,2,0.3333333,3.2,"AIM","Hills-186","NM_LasCrucesDO_LUP_2016_5-3b_01.mdb",1.6666667,0,"AIM","08/15",2016,8,"082016","summer"
"20",8836,32.37142,-107.358,47,30.6666667,7.4266667,12.76,15.1333333,39.906667,75.2266667,3.722222,4.833333,3.166667,"R042XB012NM","2016/08/15","16081513041892142016-09-01",5.3333333,25.428571,20.875,0,22,1.6666667,21.384615,22.6666667,22,3.1,"AIM","Sandy-461","NM_LasCrucesDO_LUP_2016_5-3b_01.mdb",0.6666667,0,"AIM","08/15",2016,8,"082016","summer"
"21",8838,32.00452,-106.94248,74.6666667,7,0.48,0,1.6533333,92.306667,94.44,1.444444,2.75,1.071429,"R042XB012NM","2016/08/17","16081709161231012016-09-01",5,23.875,NA,4.3333333,1.6666667,1.6666667,65.333333,1.3333333,1.3333333,3.2,"AIM","Mal-378","NM_LasCrucesDO_LUP_2016_5-3b_01.mdb",0,0.3333333,"AIM","08/17",2016,8,"082016","summer"
"22",8845,32.04617,-106.49278,46.3333333,30,3.0533333,5.48,3.4666667,62.226667,74.2266667,NA,NA,NA,"R042XB015NM","2016/08/05","16080508464174862016-09-01",13,NA,NA,30,0,0,72.076923,0,0,4.1,"AIM","Shallow-546","NM_LasCrucesDO_LUP_2016_5-3b_01.mdb",0,0,"AIM","08/05",2016,8,"082016","summer"
"23",8853,31.83938,-107.05587,55.6666667,21.3333333,0.6,2.7066667,9.5866667,75.146667,88.04,3.222222,2,3.294118,"R042XB012NM","2016/10/03","16100313165889972016-09-01",12,14.857143,51,13.6666667,1,7.3333333,80.571429,7.3333333,1,3.2,"AIM","Shallow-548","NM_LasCrucesDO_LUP_2016_5-3b_01.mdb",6.3333333,0,"AIM","10/03",2016,10,"102016","fall"
"24",8857,31.8683,-107.2794,48,27.3333333,1.44,8.6266667,15.24,70.146667,95.4533333,1,1,1,"R042XB015NM","2016/11/02","16110311203199692016-09-01",3.3333333,25.1,11.875,0,11.6666667,13,20.25,9.6666667,2,3.2,"AIM","Shallow-547","NM_LasCrucesDO_LUP_2016_5-3b_01.mdb",8,10.3333333,"AIM","11/02",2016,11,"112016","fall"
"25",8858,31.9518,-106.897,62,21.3333333,1.32,4.3466667,6.32,73.213333,85.2,2.111111,3,1.769231,"R042XB012NM","2016/11/07","16110816162981262016-09-01",0.3333333,10.3125,38.6,10.6666667,7.6666667,4.6666667,102,11.3333333,7.6666667,3.1,"AIM","Sandy-521","NM_LasCrucesDO_LUP_2016_5-3b_01.mdb",3.6666667,0,"AIM","11/07",2016,11,"112016","fall"
"26",8927,31.84124,-107.32182,36.6666667,57.3333333,4.2933333,7,4.8133333,14.813333,30.92,1.222222,1.363636,1,"R042XB012NM","2017/10/19","17120410561463082017-09-01",0,31.619048,21.714286,16.6666667,9,39.6666667,93.090909,0,0,3.2,"AIM","Sandy-479","NM_LasCrucesDO_OrganMtnsDesertPksLUP_2017_5-3b_01.mdb",0,9,"AIM","10/19",2017,10,"102017","fall"
"27",8929,31.95595,-107.3138,75.3333333,13,0,3.4533333,19.7866667,64.56,87.8,1,1,1,"R042XB012NM","2017/11/28","17120113560428622017-09-01",0.6666667,13.888889,NA,3,0,1.3333333,51.666667,1.3333333,0,3.2,"AIM","Sandy-481","NM_LasCrucesDO_OrganMtnsDesertPksLUP_2017_5-3b_01.mdb",1.3333333,0,"AIM","11/28",2017,11,"112017","fall"
"28",8932,31.87674,-106.8345,60.6666667,20,1.9066667,1.6133333,5.32,69.893333,78.7333333,1.055556,1.25,1,"R042XB012NM","2017/11/06","17110616112979972017-09-01",4,55,1,17,0,0.6666667,54.571429,0,0,4.1,"AIM","Sandy-482","NM_LasCrucesDO_OrganMtnsDesertPksLUP_2017_5-3b_01.mdb",0,0,"AIM","11/06",2017,11,"112017","fall"
"29",8934,31.81333,-106.9395,52.3333333,24.6666667,0.3466667,5.3333333,8.52,67.76,81.96,1,1,1,"R042XB015NM","2017/10/16","17101616020163562017-09-01",10,8.833333,3.636364,12.6666667,7,1.6666667,116.428571,0.3333333,0,3.2,"AIM","Sandy-473","NM_LasCrucesDO_OrganMtnsDesertPksLUP_2017_5-3b_01.mdb",0.3333333,7,"AIM","10/16",2017,10,"102017","fall"
"30",8935,32.17513,-107.18995,43.6666667,49.3333333,8.64,11.8933333,12.84,19.106667,52.48,1,1,1,"R042XB012NM","2017/10/07","17111816320841742017-09-01",0,30.076923,16,14,30.6666667,13.6666667,95.833333,3,0,3.2,"AIM","Shallow-553","NM_LasCrucesDO_OrganMtnsDesertPksLUP_2017_5-3b_01.mdb",3,30.6666667,"AIM","10/07",2017,10,"102017","fall"
"31",8938,31.95726,-107.0757,31.3333333,31.3333333,3.56,11.4666667,25.2,44.066667,84.2933333,1.166667,1.333333,1.083333,"R042XB012NM","2017/11/14","17121912332668922017-09-01",0,17.571429,23.4,7,14,12.6666667,53.333333,8,7,3.1,"AIM","Bottom-006","NM_LasCrucesDO_OrganMtnsDesertPksLUP_2017_5-3b_01.mdb",1,7,"AIM","11/14",2017,11,"112017","fall"
"32",8958,31.88515,-106.96481,66,15,0.5733333,10.2933333,13.4266667,61.48,85.7733333,5.277778,5,5.333333,"R042XB015NM","2017/10/21","17102312015948222017-09-01",7.3333333,9.222222,1,11.3333333,0.3333333,4.3333333,54,1.6666667,0,3.2,"AIM","Sandy-474","NM_LasCrucesDO_OrganMtnsDesertPksLUP_2017_5-3b_01.mdb",1.6666667,0.3333333,"AIM","10/21",2017,10,"102017","fall"
"33",8969,31.9712,-107.17341,17.3333333,65,8.04,7.5733333,10.1733333,8.68,34.4666667,3.666667,5.625,2.1,"R042XB015NM","2017/12/11","18010510564676862017-09-01",5,17,56.916667,0.3333333,58.3333333,4.3333333,31.777778,49.6666667,47,3.1,"AIM","Shallow-552","NM_LasCrucesDO_OrganMtnsDesertPksLUP_2017_5-3b_01.mdb",4.3333333,13.3333333,"AIM","12/11",2018,12,"122017","winter"
"34",8970,32.09616,-107.32724,43,38.3333333,5.7066667,12.5333333,17.1066667,21.613333,56.96,1.555556,2,1.2,"R042XB015NM","2017/11/01","18010511345121322017-09-01",0,20.92,36,26.6666667,1.6666667,13.3333333,65.909091,11,1.6666667,3.2,"AIM","Shallow-554","NM_LasCrucesDO_OrganMtnsDesertPksLUP_2017_5-3b_01.mdb",9.6666667,0,"AIM","11/01",2017,11,"112017","fall"
"35",8973,31.91144,-106.918,81,6.6666667,0.64,0.96,14.7066667,78.56,94.8666667,1.777778,2.75,1.5,"R042XB015NM","2017/10/17","17102310271841322017-09-01",3.6666667,1,4,2,1,0.3333333,34.166667,0,0,3.2,"AIM","Sandy-478","NM_LasCrucesDO_OrganMtnsDesertPksLUP_2017_5-3b_01.mdb",0,1,"AIM","10/17",2017,10,"102017","fall"
"36",8974,32.01315,-106.88408,56.6666667,33.6666667,11.1466667,11.9866667,16.0533333,20.533333,59.72,1.5,1,1.692308,"R042XB015NM","2017/10/18","17102310451212652017-09-01",1.6666667,25.5,11.642857,4.6666667,19.6666667,11.6666667,95.833333,1,1,3.2,"AIM","Sandy-484","NM_LasCrucesDO_OrganMtnsDesertPksLUP_2017_5-3b_01.mdb",0,19,"AIM","10/18",2017,10,"102017","fall"
"37",8983,31.95213,-107.07914,51.6666667,14,0.88,3.64,14.5333333,78.04,97.0933333,1.055556,1.166667,1,"R042XB012NM","2017/11/14","18010514141989402017-09-01",6.6666667,11.764706,11.916667,3.3333333,7,3.6666667,99,0,0,3.2,"AIM","Shallow-556","NM_LasCrucesDO_OrganMtnsDesertPksLUP_2017_5-3b_01.mdb",0,7,"AIM","11/14",2017,11,"112017","fall"
"38",8984,31.9834,-107.26767,35.3333333,32.3333333,3.48,7.7066667,28.4,32.013333,71.6,1.111111,1.5,1,"R042XB015NM","2017/11/29","18010514592237542017-09-01",0.6666667,24.227273,21.714286,10,8,15,43,4.6666667,2.3333333,3.2,"AIM","Shallow-557","NM_LasCrucesDO_OrganMtnsDesertPksLUP_2017_5-3b_01.mdb",2.3333333,5.6666667,"AIM","11/29",2017,11,"112017","fall"
"39",9004,32.61321,-106.0536,81,9.6666667,0.8133333,0,9.0933333,81.706667,91.6133333,1.111111,NA,1.111111,"R042XB012NM","2017/09/06","17090813301867912017-09-01",0,12.307692,3.333333,7.6666667,0,2,72,2,0,3.2,"AIM","SA-403","NM_LasCrucesDO_TriCountyLUP_2017_5-3b_01.mdb",2,0,"AIM","09/06",2017,9,"092017","fall"
"40",9011,32.62133,-106.88312,45.6666667,28.3333333,12.92,21.9733333,21.12,13.666667,69.68,2.166667,1.8,2.307692,"R042XB012NM","2017/08/10","1708101559494342017-09-01",11,9.818182,14.666667,2.3333333,4.6666667,13.3333333,32.909091,13.3333333,1.3333333,3.2,"AIM","SA-401","NM_LasCrucesDO_TriCountyLUP_2017_5-3b_01.mdb",12,3.3333333,"AIM","08/10",2017,8,"082017","summer"
"41",9012,32.74513,-106.87254,65.6666667,23.6666667,2.7333333,0,3.0933333,68.226667,74.0533333,2.222222,4.166667,1.25,"R042XB012NM","2017/08/17","17081715524538602017-09-01",0.6666667,NA,NA,23.6666667,0,0,54.769231,0,0,4.1,"AIM","SA-404","NM_LasCrucesDO_TriCountyLUP_2017_5-3b_01.mdb",0,0,"AIM","08/17",2017,8,"082017","summer"
"42",9013,32.09813,-106.83717,64.6666667,23.6666667,0.8,0.7733333,6.9333333,65.466667,73.9733333,1.277778,1.833333,1,"R042XB012NM","2017/09/11","17091114580161472017-09-01",3,17.333333,NA,21.3333333,0,1.3333333,75.222222,1,0,4.1,"AIM","SA-406","NM_LasCrucesDO_TriCountyLUP_2017_5-3b_01.mdb",1,0,"AIM","09/11",2017,9,"092017","fall"
"43",9014,32.67354,-106.95176,49.6666667,28.3333333,12.9866667,22.6,21.8933333,14.32,71.8,4.055556,4.4,3.923077,"R042XB012NM","2017/08/08","17080816441181412017-09-01",1,13.130435,11.8,3.3333333,6,9.3333333,49.230769,6,1.6666667,3.2,"AIM","SA-432","NM_LasCrucesDO_TriCountyLUP_2017_5-3b_01.mdb",4.6666667,4.3333333,"AIM","08/08",2017,8,"082017","summer"
"44",9020,33.03738,-105.98996,41.3333333,32.6666667,2.7333333,2.3333333,4.1066667,52.946667,62.12,2.333333,3.333333,1.833333,"R042XB012NM","2017/08/16","17082109172042017-09-01",12,5.875,NA,32.3333333,0,1,147.636364,0,0,3.2,"AIM","BO-022","NM_LasCrucesDO_TriCountyLUP_2017_5-3b_01.mdb",0,0,"AIM","08/16",2017,8,"082017","summer"
"45",9026,32.21713,-106.92182,52.6666667,21.6666667,2.9066667,1.3066667,6.0133333,63.226667,73.4533333,1.888889,2,1.818182,"R042XB012NM","2017/08/09","17080914104578892017-09-01",11.6666667,NA,NA,21.6666667,0,0,84.857143,0,0,3.2,"AIM","SS-441","NM_LasCrucesDO_TriCountyLUP_2017_5-3b_01.mdb",0,0,"AIM","08/09",2017,8,"082017","summer"
"46",9027,33.08104,-106.93354,36,33,7.68,15.7066667,31.5733333,16.506667,71.4666667,1.166667,1.5,1.071429,"R042XB015NM","2017/08/30","17083111250868632017-09-01",17,11.8,26.35,14.6666667,18.3333333,3,59.647059,20.3333333,18.3333333,3.1,"AIM","SS-443","NM_LasCrucesDO_TriCountyLUP_2017_5-3b_01.mdb",2.3333333,0,"AIM","08/30",2017,8,"082017","summer"
"47",9035,32.71873,-107.04277,61,27.3333333,6.1066667,16.8133333,33.9466667,19.933333,76.8,3.388889,4.666667,2.75,"R042XB012NM","2017/08/22","17082210074895312017-09-01",2.3333333,12.25,26.461538,7.6666667,12,12,96.428571,12.3333333,5.6666667,3.1,"AIM","GRS-163","NM_LasCrucesDO_TriCountyLUP_2017_5-3b_01.mdb",7.3333333,6.3333333,"AIM","08/22",2017,8,"082017","summer"
"48",9038,33.38691,-106.07628,47.6666667,33,1.3066667,6.6533333,12,45.4,65.36,3.166667,5.6,2.230769,"R042XB012NM","2017/08/14","17081415013076192017-09-01",3,14.5,46.230769,21.6666667,21.6666667,0,86.166667,21.6666667,21.6666667,3.1,"AIM","AHI-001","NM_LasCrucesDO_TriCountyLUP_2017_5-3b_01.mdb",0,0,"AIM","08/14",2017,8,"082017","summer"
"49",9042,32.17202,-106.82478,66.3333333,24.3333333,1.8533333,1.6533333,11.0933333,60.226667,74.8266667,1.055556,1.090909,1,"R042XB012NM","2017/08/14","17081409463175532017-09-01",0.6666667,6.571429,1.75,16.3333333,0,1.3333333,61.272727,1,0,4.1,"AIM","SA-402","NM_LasCrucesDO_TriCountyLUP_2017_5-3b_01.mdb",1,0,"AIM","08/14",2017,8,"082017","summer"
"50",9291,31.80575,-107.43984,77.3333333,13,3.8666667,5.6,6.6266667,61.44,77.5333333,2.555556,4,2.266667,"R042XB012NM","2018/09/04","1000000692018-09-01",0.3333333,6.4,15.6,7.6666667,4.6666667,1.6666667,86.2,0.3333333,0.3333333,3.2,"AIM","Loam-341","NM_LasCrucesDO_OMDPNM_2018_5-3b_02.mdb",0,4.3333333,"AIM","09/04",2018,9,"092018","fall"
"51",9292,32.02133,-106.93092,24.6666667,47.6666667,6.9333333,5.1733333,7.3466667,10.04,29.4933333,4.055556,4.444444,3.666667,"R042XB015NM","2018/08/23","1000000772018-09-01",6,26.125,16.263158,5.3333333,38,4,100.571429,31.6666667,31.6666667,3.2,"AIM","Mal-389","NM_LasCrucesDO_OMDPNM_2018_5-3b_02.mdb",0,9.3333333,"AIM","08/23",2018,8,"082018","summer"
"52",9296,32.34183,-107.06457,39,30.3333333,10.2133333,15.6133333,25.7733333,22.693333,74.2933333,2.111111,2.75,1.6,"R042XB015NM","2018/08/20","1809061201383122018-09-01",13.6666667,13,17.117647,5.3333333,16.3333333,5,33.1,9.3333333,8,3.1,"AIM","Sandy-496","NM_LasCrucesDO_OMDPNM_2018_5-3b_02.mdb",1.6666667,8.6666667,"AIM","08/20",2018,8,"082018","summer"
"53",9299,31.95488,-106.94164,38.6666667,26.3333333,8.2933333,8.28,18.0666667,26.48,61.12,3,3,3,"R042XB012NM","2018/09/06","18091112520330472018-09-01",2.6666667,13.222222,10.222222,14.3333333,6,5,79.636364,0,0,3.2,"AIM","Mal-393","NM_LasCrucesDO_OMDPNM_2018_5-3b_02.mdb",0,6,"AIM","09/06",2018,9,"092018","fall"
"54",9301,32.21993,-107.02586,48,25,3.4266667,5.4133333,17.2666667,38.2,64.3066667,2.777778,4.285714,1.818182,"R042XB015NM","2018/08/21","18091113302082122018-09-01",10.6666667,23,4.5,15.6666667,0.6666667,0,52.470588,0.6666667,0.6666667,3.2,"AIM","Sandy-492","NM_LasCrucesDO_OMDPNM_2018_5-3b_02.mdb",0,0,"AIM","08/21",2018,8,"082018","summer"
"55",9303,32.26717,-107.22743,7,69,12.04,10.16,1.7066667,0,23.9066667,2.555556,2.923077,1.6,"R042XB012NM","2018/08/22","18091114495445962018-09-01",0,32.5,56.807692,4.3333333,55.3333333,4,29.461538,23.3333333,21.6666667,3.1,"AIM","Sandy-491","NM_LasCrucesDO_OMDPNM_2018_5-3b_02.mdb",1.6666667,36.6666667,"AIM","08/22",2018,8,"082018","summer"
"56",9304,32.27902,-107.2517,53.3333333,35,6.96,10.68,24.0933333,27.333333,69.0666667,3.444444,4.5,2.916667,"R042XB015NM","2018/08/22","1809191332192062018-09-01",1.3333333,14.444444,38.583333,0,23.6666667,12.3333333,24.3,12,4.3333333,3.1,"AIM","Shallow-561","NM_LasCrucesDO_OMDPNM_2018_5-3b_02.mdb",7.6666667,21,"AIM","08/22",2018,8,"082018","summer"
"57",9311,32.05012,-107.33357,27.6666667,48.6666667,13.8133333,11.6666667,6.44,0,31.92,1.5,1.666667,1.166667,"R042XB012NM","2018/10/05","18100511451925802018-09-01",0,26.058824,21.363636,9.3333333,29.3333333,12.3333333,79.714286,5.3333333,1.3333333,3.2,"AIM","Mal-392","NM_LasCrucesDO_OMDPNM_2018_5-3b_02.mdb",4,28.3333333,"AIM","10/05",2018,10,"102018","fall"
"58",9313,32.02125,-107.25424,37.3333333,44.6666667,7.32,15.3733333,16.76,6.306667,45.76,1.944444,2.416667,1,"R042XB012NM","2018/10/06","18100614204493882018-09-01",2.3333333,24.538462,28.384615,24,13,18.3333333,73.176471,9,5.6666667,6.1,"AIM","Mal-388","NM_LasCrucesDO_OMDPNM_2018_5-3b_02.mdb",3.3333333,7.3333333,"AIM","10/06",2018,10,"102018","fall"
"59",9317,31.80344,-107.04743,39.6666667,40.3333333,10.2933333,13.72,12.5066667,18.053333,54.5733333,2.222222,3,1.727273,"R042XB015NM","2018/10/24","18101511224069032018-09-01",8,14.333333,11.333333,20,1.3333333,18,66.235294,1,1,4.1,"AIM","Shallow-563","NM_LasCrucesDO_OMDPNM_2018_5-3b_02.mdb",0,0.3333333,"AIM","10/24",2018,10,"102018","fall"
"60",9322,31.90336,-107.16566,22,39,3.5866667,11.4666667,32.4,16.386667,63.84,3.333333,4.166667,2.916667,"R042XB012NM","2018/10/17","18101711091244872018-09-01",28.3333333,16.25,17.166667,19.6666667,22.3333333,3.3333333,44.454545,12,12,3.1,"AIM","Mal-391","NM_LasCrucesDO_OMDPNM_2018_5-3b_02.mdb",0,10.6666667,"AIM","10/17",2018,10,"102018","fall"
"61",9323,31.84347,-107.16366,34.3333333,44.6666667,11.8533333,21.6266667,8.2933333,0,41.7733333,2.444444,3.285714,1.909091,"R042XB015NM","2018/10/18","18101810201342682018-09-01",6,9.125,17.4,19.3333333,11.3333333,15.3333333,62.217391,6.6666667,6.6666667,3.1,"AIM","Shallow-559","NM_LasCrucesDO_OMDPNM_2018_5-3b_02.mdb",0,4.6666667,"AIM","10/18",2018,10,"102018","fall"
"62",9333,31.84786,-106.81088,63.3333333,25.6666667,0.5733333,0,6.9466667,54.8,62.32,1.277778,2.666667,1,"R042XB012NM","2018/08/07","18111909175538052018-09-01",0,20.75,2,23,0,0.3333333,73.25,0,0,4.1,"AIM","Sandy-485","NM_LasCrucesDO_OMDPNM_2018_5-3b_02.mdb",0,0,"AIM","08/07",2018,8,"082018","summer"
"63",9334,31.86485,-106.77155,54.6666667,26.6666667,0.9466667,1.04,10.3333333,58.84,71.16,1.277778,1.833333,1,"R042XB012NM","2018/08/08","1811231303578082018-09-01",1.6666667,NA,NA,16.3333333,0,0,69,0,0,3.2,"AIM","Sandy-489","NM_LasCrucesDO_OMDPNM_2018_5-3b_02.mdb",0,0,"AIM","08/08",2018,8,"082018","summer"
"64",9345,32.11629,-107.23802,20.3333333,63,13.4,10.6533333,3.5333333,0,27.5866667,2.222222,2.7,1.625,"R042XB015NM","2018/08/16","1000000962018-09-01",3.3333333,22.954545,20.25,0,49.3333333,21,21.75,1.6666667,0.3333333,3.2,"AIM","Sandy-488","NM_LasCrucesDO_OMDPNM_2018_5-3b_02.mdb",1.3333333,49,"AIM","08/16",2018,8,"082018","summer"
"65",9346,32.2076,-107.34141,55,21.6666667,1.9066667,4.64,4.4533333,58.026667,69.0266667,3.777778,5.5,3.285714,"R042XB012NM","2018/08/22","1000001012018-09-01",7.3333333,43,NA,21.3333333,0,0,64.416667,0,0,4.1,"AIM","Sandy-493","NM_LasCrucesDO_OMDPNM_2018_5-3b_02.mdb",0,0,"AIM","08/22",2018,8,"082018","summer"
"66",9348,32.04873,-106.58962,24,21.6666667,9.3466667,13.0133333,19.36,7.04,48.76,3.888889,5.5,3.6875,"R042XB012NM","2018/08/02","18080313544580762018-09-01",7,17.333333,7.642857,9.6666667,7,5.6666667,74.75,0.3333333,0.3333333,3.2,"AIM","Sandy-487","NM_LasCrucesDO_OMDPNM_2018_5-3b_02.mdb",0,6.6666667,"AIM","08/02",2018,8,"082018","summer"
"67",9353,32.46623,-106.09199,61.3333333,16.6666667,0,2.7333333,9.1333333,72.493333,84.36,2.666667,4.25,2.214286,"R042XB012NM","2018/11/28","18112813221936782018-09-01",11.6666667,4.904762,NA,15.3333333,0,1.3333333,85.133333,0,0,3.2,"AIM","SA-411","NM_LasCrucesDO_TriCounty_2018_5-3b_02.mdb",0,0,"AIM","11/28",2018,11,"112018","fall"
"68",9362,31.96261,-106.80211,75.3333333,17,0.4133333,0,1.9466667,80.973333,83.3333333,1.277778,2.25,1,"R042XB012NM","2018/09/17","18091708593442232018-09-01",0.3333333,2.833333,NA,16,0,1.3333333,59.181818,0,0,3.2,"AIM","SA-410","NM_LasCrucesDO_TriCounty_2018_5-3b_02.mdb",0,0,"AIM","09/17",2018,9,"092018","fall"
"69",9363,32.14046,-106.97604,77.6666667,10.3333333,0.44,1.9066667,1.4533333,86.546667,90.3466667,1,1,1,"R042XB012NM","2018/09/18","18091807190684402018-09-01",0,1.333333,56,7.3333333,0,0.3333333,27.333333,0,0,3.2,"AIM","SA-409","NM_LasCrucesDO_TriCounty_2018_5-3b_02.mdb",0,0,"AIM","09/18",2018,9,"092018","fall"
"70",9364,32.19011,-107.01738,51.3333333,19.3333333,4.1066667,3.6933333,13.16,53.6,74.56,3.444444,2.5,3.714286,"R042XB012NM","2018/09/18","18091807211781862018-09-01",10.6666667,NA,25.5,18.3333333,3.6666667,0,67.8125,3.6666667,3.6666667,3.2,"AIM","SS-445","NM_LasCrucesDO_TriCounty_2018_5-3b_02.mdb",0,0,"AIM","09/18",2018,9,"092018","fall"
"71",9373,33.00464,-106.86919,44.3333333,25.3333333,6.5066667,10.1733333,16.6933333,40.986667,74.36,3.111111,3,3.133333,"R042XB015NM","2018/09/22","18092215330068792018-09-01",12.6666667,1,23.333333,8,7.6666667,0,35.375,7.6666667,7.6666667,3.1,"AIM","SS-444","NM_LasCrucesDO_TriCounty_2018_5-3b_02.mdb",0,0,"AIM","09/22",2018,9,"092018","fall"
"72",9375,32.83483,-106.81605,52.3333333,27,3.1466667,8.6266667,16.2266667,32.52,60.52,2.111111,4,1.166667,"R042XB012NM","2018/09/23","18092314034534682018-09-01",0.6666667,37.25,23.2,16.6666667,5,2,46.444444,6.3333333,5,6.1,"AIM","SA-412","NM_LasCrucesDO_TriCounty_2018_5-3b_02.mdb",1.3333333,0,"AIM","09/23",2018,9,"092018","fall"
"73",9380,32.66827,-106.9666,62,24,5.1066667,5.6133333,13.76,46.613333,71.0933333,3.111111,5.166667,2.083333,"R042XB015NM","2018/10/04","1810030747064042018-09-01",0,7,20.555556,15,3.3333333,5.6666667,54.7,8.3333333,3.3333333,3.2,"AIM","SS-446","NM_LasCrucesDO_TriCounty_2018_5-3b_02.mdb",5.3333333,0,"AIM","10/04",2018,10,"102018","fall"
"74",9382,32.51677,-106.91028,61.6666667,24.6666667,1.4666667,4.5866667,10.5466667,57.053333,73.6533333,1.833333,2,1.75,"R042XB012NM","2018/10/04","18100407361158432018-09-01",2.6666667,6.5,62.666667,13.3333333,6.3333333,0,61.4,6.3333333,6.3333333,3.1,"AIM","GRS-164","NM_LasCrucesDO_TriCounty_2018_5-3b_02.mdb",0,0,"AIM","10/04",2018,10,"102018","fall"
"75",9412,32.68568,-106.89929,37,35,10.48,13.88,10.9066667,23.413333,58.68,4.166667,4.875,3.6,"R042XB015NM","2018/10/02","18111908263764742018-09-01",8,31,25.583333,14.6666667,10,1,50.285714,10,10,3.1,"AIM","SA-408","NM_LasCrucesDO_TriCounty_2018_5-3b_02.mdb",0,0,"AIM","10/02",2018,10,"102018","fall"
"76",9415,32.54057,-106.12698,61.3333333,19.6666667,2.4533333,3.76,5.0933333,63.026667,74.3333333,2.666667,4.5,2.142857,"R042XB012NM","2018/11/28","18112809100042272018-09-01",3.6666667,1.555556,NA,19.6666667,0,0,68.3,0,0,3.2,"AIM","SA-407","NM_LasCrucesDO_TriCounty_2018_5-3b_02.mdb",0,0,"AIM","11/28",2018,11,"112018","fall"
"77",13043,31.89845,-106.75626,68,21,0.9866667,3.4133333,11.3733333,57.653333,73.4266667,1,1,1,"R042XB012NM","2019/08/15","NML00000_2019_Sandy_4972019-09-01",6,24.333333,NA,16.6666667,0,1,70.833333,0,0,4.1,"AIM","Sandy_497","NM2019RawDownloadCleaned.gdb",0,0,"AIM","08/15",2019,8,"082019","summer"
"78",13044,32.26336,-106.94031,59.3333333,25.3333333,0.9066667,7.68,7.5466667,55.64,71.7733333,2,3.666667,1.166667,"R042XB012NM","2019/08/14","NML00000_2020_Sandy_5162019-09-01",0.6666667,24,31,15,0,0.6666667,48,0.3333333,0,3.2,"AIM","Sandy_516","NM2019RawDownloadCleaned.gdb",0.3333333,0,"AIM","08/14",2019,8,"082019","summer"
"79",13055,32.29313,-107.12373,42,15,0.9866667,7.08,20.5333333,53.16,81.76,2.166667,2.4,2.076923,"R042XB015NM","2019/08/20","NML00000_2020_Shallow_5742019-09-01",20.3333333,6.666667,NA,7.3333333,0,0.3333333,27.368421,0.3333333,0,3.2,"AIM","Shallow_574","NM2019RawDownloadCleaned.gdb",0.3333333,0,"AIM","08/20",2019,8,"082019","summer"
"80",13056,31.7945,-106.81589,62.3333333,26.6666667,0.5466667,2.2533333,8.4933333,60.386667,71.68,1.388889,2.75,1,"R042XB012NM","2019/08/20","NML00000_2020_Sandy_5132019-09-01",0,29.666667,2,19.6666667,1,3.3333333,67.1875,1,1,4.1,"AIM","Sandy_513","NM2019RawDownloadCleaned.gdb",0,0,"AIM","08/20",2019,8,"082019","summer"
"81",13066,32.1553,-107.16522,61.6666667,8,1.32,7.5733333,13.4933333,63.573333,85.96,1,NA,1,"R042XB012NM","2019/08/22","NML00000_2019_Sandy_5042019-09-01",0.6666667,9.666667,7.952381,1.3333333,4.6666667,0.3333333,89,0.3333333,0,3.2,"AIM","Sandy_504","NM2019RawDownloadCleaned.gdb",0.3333333,4.6666667,"AIM","08/22",2019,8,"082019","summer"
"82",13078,31.90691,-106.83997,59.3333333,32,1.3333333,3.2666667,8.7866667,55.053333,68.44,1.166667,1.5,1,"R042XB012NM","2019/08/26","NML00000_2019_Sandy_4982019-09-01",3.6666667,NA,13,27.3333333,0.6666667,0.3333333,59.5,0.6666667,0.6666667,4.1,"AIM","Sandy_498","NM2019RawDownloadCleaned.gdb",0,0,"AIM","08/26",2019,8,"082019","summer"
"83",13079,31.9636,-106.8881,81.3333333,5.6666667,1.8133333,4.0133333,6.28,81.706667,93.8133333,1.555556,6,1.294118,"R042XB012NM","2019/08/26","NML00000_2020_Sandy_5102019-09-01",4.3333333,NA,3,4.3333333,0.3333333,0,33.533333,0.3333333,0.3333333,3.2,"AIM","Sandy_510","NM2019RawDownloadCleaned.gdb",0,0,"AIM","08/26",2019,8,"082019","summer"
"84",13081,31.7927,-106.7814,58.6666667,33,2.1333333,2.1866667,3.96,54.906667,63.1866667,1.666667,2.5,1.25,"R042XB012NM","2019/08/21","NML00000_2019_Sandy_5052019-09-01",0,15,NA,29,0.3333333,0,64.058824,0.3333333,0.3333333,4.1,"AIM","Sandy_505","NM2019RawDownloadCleaned.gdb",0,0,"AIM","08/21",2019,8,"082019","summer"
"85",13097,32.17505,-107.14069,43.6666667,22,4,6.5466667,8.8666667,58.493333,77.9066667,3.833333,5,3.6,"R042XB012NM","2019/08/28","NML00000_2020_Sandy_5202019-09-01",17,5.285714,24.8125,2.6666667,18.3333333,1.3333333,35,19.3333333,18.3333333,3.1,"AIM","Sandy_520","NM2019RawDownloadCleaned.gdb",1,0,"AIM","08/28",2019,8,"082019","summer"
"86",13098,32.16219,-107.1427,56,9.3333333,7.6533333,8.8266667,22.1866667,50.546667,89.2133333,1.333333,1,1.375,"R042XB012NM","2019/08/28","NML00000_2019_Mal_3962019-09-01",1,9.730769,8,0,0.6666667,6.3333333,72,4,0.3333333,3.2,"AIM","Mal_396","NM2019RawDownloadCleaned.gdb",3.6666667,0.3333333,"AIM","08/28",2019,8,"082019","summer"
"87",13101,32.04944,-106.38865,62.3333333,16.3333333,1.56,11.4533333,4.1866667,57.133333,74.3333333,2.888889,4,2.571429,"R042XB012NM","2019/08/27","NML00000_2019_Sandy_5032019-09-01",0.3333333,19,21,15.6666667,0.3333333,1.3333333,65.866667,0.3333333,0.3333333,3.2,"AIM","Sandy_503","NM2019RawDownloadCleaned.gdb",0,0,"AIM","08/27",2019,8,"082019","summer"
"88",13115,32.61767,-108.71078,48.3333333,38,2.52,8.68,9.3333333,34.746667,55.28,2.666667,3.25,2.2,"R042XB012NM","2019/09/05","NML00000_Panel1_MIMB_0032019-09-01",2,36,35.066667,24,16.3333333,1.3333333,41.263158,15,15,6.1,"AIM","MIMB_003","NM2019RawDownloadCleaned.gdb",0,1.3333333,"AIM","09/05",2019,9,"092019","fall"
"89",13121,32.15964,-108.54324,84,5,1.7733333,9.52,6.92,76.066667,94.28,1.555556,NA,1.555556,"R042XB012NM","2019/09/03","NML00000_Panel2_MIMB_0272019-09-01",1,8.916667,11,0,1.6666667,1.6666667,16.333333,1.3333333,1.3333333,3.2,"AIM","MIMB_027","NM2019RawDownloadCleaned.gdb",0,0.3333333,"AIM","09/03",2019,9,"092019","fall"
"90",13123,32.22132,-108.05648,51.3333333,12,7.0666667,14.7866667,37.2133333,25.426667,84.4933333,2.833333,NA,2.833333,"R042XB012NM","2019/09/08","NML00000_Panel19_MIMB_2762019-09-01",7,13.565217,12.666667,0.6666667,1,5.6666667,18.090909,2.6666667,0,3.2,"AIM","MIMB_276","NM2019RawDownloadCleaned.gdb",2.6666667,1,"AIM","09/08",2019,9,"092019","fall"
"91",13136,32.02806,-107.0446,46.6666667,25,13.96,14.3866667,24.7466667,7.346667,60.44,3.055556,3.666667,2.933333,"R042XB012NM","2019/09/05","NML00000_2019_Sandy_5082019-09-01",1.3333333,13.666667,17.45,0.6666667,14.3333333,3,14.888889,16.3333333,14,1.2,"AIM","Sandy_508","NM2019RawDownloadCleaned.gdb",2.3333333,0.3333333,"AIM","09/05",2019,9,"092019","fall"
"92",13165,32.13254,-107.30495,55.3333333,15.6666667,5.84,9.7066667,14.36,52.16,82.0666667,1.611111,2.75,1.285714,"R042XB015NM","2019/09/18","NML00000_2019_Shallow_5652019-09-01",0.6666667,2.894737,1,2.3333333,0,1.3333333,26.714286,1,0,3.2,"AIM","Shallow_565","NM2019RawDownloadCleaned.gdb",1,0,"AIM","09/18",2019,9,"092019","fall"
"93",13166,32.11667,-107.2924,58.6666667,18,3.5333333,13.0533333,27.28,28.72,72.5866667,1.555556,2,1.5,"R042XB015NM","2019/09/18","NML00000_2019_Shallow_5642019-09-01",4.6666667,11.083333,NA,9.3333333,0,3.3333333,33.583333,3,0,3.2,"AIM","Shallow_564","NM2019RawDownloadCleaned.gdb",3,0,"AIM","09/18",2019,9,"092019","fall"
"94",13169,32.24182,-107.11828,56,16.3333333,2.2666667,5.68,10.5333333,61.28,79.76,3.444444,3.5,3.428571,"R042XB012NM","2019/09/23","NML00000_2020_Bottom_0152019-09-01",2.3333333,26,NA,12.6666667,0,0,53.875,0,0,3.2,"AIM","Bottom_015","NM2019RawDownloadCleaned.gdb",0,0,"AIM","09/23",2019,9,"092019","fall"
"95",13170,32.29975,-107.03834,28.6666667,17.3333333,1.5466667,11.6266667,20.48,42.96,76.6133333,2.222222,3.5,2.0625,"R042XB012NM","2019/09/23","NML00000_2019_Sandy_5072019-09-01",13.3333333,9.75,8.714286,14.6666667,1.3333333,0,80.625,0,0,3.2,"AIM","Sandy_507","NM2019RawDownloadCleaned.gdb",0,1.3333333,"AIM","09/23",2019,9,"092019","fall"
"96",13185,31.8867,-107.04615,53,33,6.1066667,11.16,22.2,24.493333,63.96,1.5,2.666667,1.266667,"R042XB012NM","2019/09/26","NML00000_2019_Sandy_5062019-09-01",2.3333333,2.833333,20,12,14.3333333,0.6666667,59.25,12.3333333,12.3333333,3.1,"AIM","Sandy_506","NM2019RawDownloadCleaned.gdb",0,2,"AIM","09/26",2019,9,"092019","fall"
"97",13187,31.96669,-107.09158,26,51,7.8666667,14.2533333,8.1733333,0,30.2933333,3.055556,3.25,2.9,"R042XB015NM","2019/09/25","NML00000_2020_Shallow_5712019-09-01",5.6666667,17.368421,31.333333,2,12.6666667,39.3333333,38.636364,9.3333333,8.6666667,3.1,"AIM","Shallow_571","NM2019RawDownloadCleaned.gdb",0.6666667,4.6666667,"AIM","09/25",2019,9,"092019","fall"
"98",13188,31.95478,-107.05717,33.3333333,9.6666667,1.24,3.1733333,7.9066667,77.68,90,3.722222,5,3.466667,"R042XB012NM","2019/09/24","NML00000_2020_Bottom_0142019-09-01",38.3333333,6.428571,2,8,0.3333333,1.3333333,61.2,0,0,3.2,"AIM","Bottom_014","NM2019RawDownloadCleaned.gdb",0,0.3333333,"AIM","09/24",2019,9,"092019","fall"
"99",13203,31.80103,-106.97036,48.3333333,31.6666667,3.36,3.8266667,14,46.333333,67.52,1.5,1.75,1.3,"R042XB012NM","2019/10/03","NML00000_2020_Sandy_5142019-09-01",10,10.25,NA,25.6666667,0.6666667,2,57.4375,0.3333333,0.3333333,3.2,"AIM","Sandy_514","NM2019RawDownloadCleaned.gdb",0,0.3333333,"AIM","10/03",2019,10,"102019","fall"
"100",13204,31.81526,-107.15629,43.6666667,27.6666667,15.9866667,27.72,20.88,2.893333,67.48,3.5,2.5,3.625,"R042XB015NM","2019/10/02","NML00000_2020_Shallow_5702019-09-01",12,26,13.833333,6.3333333,7.3333333,14.3333333,36.272727,5.3333333,1,3.2,"AIM","Shallow_570","NM2019RawDownloadCleaned.gdb",4.3333333,6.3333333,"AIM","10/02",2019,10,"102019","fall"
"101",13205,31.83393,-107.21629,25.6666667,24.3333333,8.9866667,24.1466667,23.2533333,9.56,65.9466667,2.277778,3.666667,2,"R042XB012NM","2019/10/02","NML00000_2019_Shallow_5662019-09-01",0,5.666667,21.423077,11.6666667,16.3333333,1,61.888889,15.3333333,15,3.1,"AIM","Shallow_566","NM2019RawDownloadCleaned.gdb",0.3333333,1.6666667,"AIM","10/02",2019,10,"102019","fall"
"102",13213,32.45813,-107.8196,45.6666667,18.6666667,3.1733333,11.8533333,30.3066667,38.186667,83.52,1.277778,NA,1.277778,"R042XB012NM","2019/10/05","NML00000_Panel1_MIMB_0052019-09-01",18.3333333,8.5625,4.833333,1,1.3333333,2.6666667,21.666667,1.6666667,1.3333333,3.2,"AIM","MIMB_005","NM2019RawDownloadCleaned.gdb",0.3333333,0,"AIM","10/05",2019,10,"102019","fall"
"103",13245,31.79716,-107.49378,69.6666667,13,2.84,8.04,14.1066667,72.053333,97.04,2.888889,NA,2.888889,"R042XB012NM","2019/10/17","NML00000_2019_Loam_3462019-09-01",7.3333333,9.153846,6.642857,1,6.3333333,6.3333333,16,3.3333333,0,3.2,"AIM","Loam_346","NM2019RawDownloadCleaned.gdb",3.3333333,6.3333333,"AIM","10/17",2019,10,"102019","fall"
"104",13248,31.80278,-107.46362,71.6666667,17.3333333,3,5.8666667,4.68,64.56,78.1066667,1.888889,6,1.375,"R042XB015NM","2019/10/16","NML00000_2020_Loam_3482019-09-01",4.3333333,1.75,NA,16,0,1.3333333,70.444444,0.6666667,0,3.2,"AIM","Loam_348","NM2019RawDownloadCleaned.gdb",0.6666667,0,"AIM","10/16",2019,10,"102019","fall"
"105",13259,32.23245,-106.96012,51.1705686,41.4715719,2.3866667,6.8133333,9.5466667,34.76,53.5066667,2.222222,2.7,1.625,"R042XB012NM","2019/10/29","NML00000_2020_Sandy_5122019-09-01",0.3344482,25.2,NA,29.7658863,0,2.6755853,40.809524,0.6688963,0,4.1,"AIM","Sandy_512","NM2019RawDownloadCleaned.gdb",0.6688963,0,"AIM","10/29",2019,10,"102019","fall"
"106",13260,31.85841,-106.9223,60.6666667,25.3333333,1.4933333,2.4533333,4.1466667,66.546667,74.64,1.5,1.5,1.5,"R042XB012NM","2019/10/28","NML00000_2020_Sandy_5172019-09-01",3,NA,7,18.6666667,0,0,53.352941,0,0,4.1,"AIM","Sandy_517","NM2019RawDownloadCleaned.gdb",0,0,"AIM","10/28",2019,10,"102019","fall"
"107",13266,31.85485,-107.13419,43.3333333,32.6666667,7.4933333,9.8933333,15.8666667,30.493333,63.7466667,2.666667,3.625,1.9,"R042XB012NM","2019/10/11","NML00000_2019_Sandy_5022019-09-01",10,12.6,21.444444,20,13,5.3333333,72.166667,6.6666667,6.3333333,3.1,"AIM","Sandy_502","NM2019RawDownloadCleaned.gdb",0.3333333,6.6666667,"AIM","10/11",2019,10,"102019","fall"
"108",13268,32.33821,-107.25082,35.3333333,28.3333333,13.4,8.28,17.5466667,27.746667,66.9733333,2.5,3.2,2.230769,"R042XB012NM","2019/10/09","NML00000_2020_Hills_2182019-09-01",27.6666667,7.785714,18.642857,9.6666667,10.6666667,4.6666667,37.142857,12.3333333,9.3333333,1.2,"AIM","Hills_218","NM2019RawDownloadCleaned.gdb",3.6666667,2,"AIM","10/09",2019,10,"102019","fall"
"109",13280,31.93511,-107.26818,52,32,6.32,13.08,16.9866667,31.013333,67.4,1.555556,1.5,1.571429,"R042XB012NM","2019/10/22","NML00000_2020_Sandy_5182019-09-01",0.3333333,8.444444,46.2,14,17.6666667,4,51.916667,17.3333333,16.3333333,3.1,"AIM","Sandy_518","NM2019RawDownloadCleaned.gdb",1.3333333,1.3333333,"AIM","10/22",2019,10,"102019","fall"
"110",13285,31.96745,-107.24279,43.6666667,34.3333333,6.64,13.24,12.24,27.6,59.72,1.888889,2.666667,1.5,"R042XB015NM","2019/10/08","NML00000_2019_Shallow_5672019-09-01",0,22.875,34.75,12.3333333,23.3333333,1.6666667,77.692308,20,20,3.1,"AIM","Shallow_567","NM2019RawDownloadCleaned.gdb",0,3.3333333,"AIM","10/08",2019,10,"102019","fall"
"111",13286,31.99788,-107.34057,65.6666667,18,4.3866667,4.32,24.1733333,42.4,75.28,1.055556,1.333333,1,"R042XB015NM","2019/10/08","NML00000_2020_Shallow_5722019-09-01",0,5.2,10.5,9.6666667,0,1,50.125,0.6666667,0,3.2,"AIM","Shallow_572","NM2019RawDownloadCleaned.gdb",0.6666667,0,"AIM","10/08",2019,10,"102019","fall"
"112",13288,32.10306,-107.38408,54,29.3333333,9.0666667,14.12,24.72,14.213333,62.12,2.111111,3.8,1.461538,"R042XB015NM","2019/10/07","NML00000_2020_Shallow_5752019-09-01",2.3333333,10.875,2,15.3333333,0,8.3333333,60.461538,7.3333333,0,4.1,"AIM","Shallow_575","NM2019RawDownloadCleaned.gdb",7.3333333,0,"AIM","10/07",2019,10,"102019","fall"
"113",13295,32.13375,-107.3826,34.6666667,24.6666667,2.16,10.2933333,29.44,29.32,71.2133333,2.222222,2.333333,2.2,"R042XB015NM","2019/09/26","NML00000_2019_Shallow_5692019-09-01",10,12.2,55,20,2.6666667,3.6666667,63.157895,6,2.6666667,3.2,"AIM","Shallow_569","NM2019RawDownloadCleaned.gdb",3.3333333,0,"AIM","09/26",2019,9,"092019","fall"
"114",13322,31.46376,-108.41589,16.6666667,35.6666667,2.9733333,10.7866667,20.8666667,27.093333,61.72,2.222222,2.625,1.9,"R042XB012NM","2019/11/05","NML00000_Panel19_MIMB_2852019-09-01",27.3333333,6.2,27.9,33,7.3333333,0.3333333,54.962963,7.6666667,7.3333333,6.1,"AIM","MIMB_285","NM2019RawDownloadCleaned.gdb",0.3333333,0,"AIM","11/05",2019,11,"112019","fall"
"115",15192,32.23115,-106.9889,45.3333333,44.3333333,7.36,13.7733333,9.24,24.186667,54.56,2.611111,3.4,1.625,"R042XB012NM","2019/08/19","NML00000_OverSamp_Sandy_5412019-09-01",0,37.615385,NA,32,0,8.3333333,58.555556,0,0,3.2,"AIM","Sandy-541","NM2019RawDownloadCleaned.gdb",0,0,"AIM","08/19",2019,8,"082019","summer"
"116",23212,31.99143,-107.3778,76.237624,19.80198,0.3666667,0,17.2,62.466667,80.0333333,1,1,1,"042XB012NM","2016/05/05","20163529201413B1",0,25.4,22.225,14.851485,0.990099,0.990099,98.90125,1.980198,0.990099,3.2,"AIM","LMF","2016",0.990099,0,"AIM","05/05",2016,5,"052016","spring"
"117",23213,31.99367,-107.3807,69.306931,13.861386,0,0.8,3.5,81.666667,85.9666667,1,1,1,"042XB012NM","2016/05/05","20163529201413B2",0,34.7133333,27.94,3.960396,1.980198,0.990099,94.826667,2.970297,1.980198,3.2,"AIM","LMF","2016",0.990099,0,"AIM","05/05",2016,5,"052016","spring"
"118",23473,32.13521,-107.0205,72.277228,21.782178,1.5,6.2333333,14.633333,55.333333,77.7,1,1,1,"042XB012NM","2016/05/31","20163513201320B1",0,6.35,9.525,11.881188,4.950495,1.980198,42.897778,6.930693,4.950495,3.2,"AIM","LMF","2016",1.980198,0,"AIM","05/31",2016,5,"052016","spring"
"119",23474,32.13737,-107.0187,70.29703,11.881188,2.3,5.2666667,10.266667,64.266667,82.1,1,NA,1,"042XB012NM","2016/05/31","20163513201320B2",1.980198,6.985,6.7733333,8.910891,0,0.990099,63.5,0.990099,0,3.2,"AIM","LMF","2016",0.990099,0,"AIM","05/31",2016,5,"052016","spring"
"120",23475,32.11262,-106.9825,55.445545,20.792079,0.4666667,0,5.666667,66.3,72.4333333,1,NA,1,"042XB015NM","2016/05/30","20163513201317B1",0.990099,10.16,31.115,17.821782,2.970297,0.990099,50.074286,3.960396,2.970297,4.1,"AIM","LMF","2016",0.990099,0,"AIM","05/30",2016,5,"052016","spring"
"121",23476,32.11498,-106.9887,59.405941,25.742574,0,1.1333333,11.933333,53.466667,66.5333333,1,1,1,"042XB015NM","2016/05/30","20163513201317B2",0,17.78,46.736,23.762376,2.970297,0.990099,52.977143,3.960396,2.970297,4.1,"AIM","LMF","2016",0.990099,0,"AIM","05/30",2016,5,"052016","spring"
"122",23478,32.158,-107.1294,80.19802,3.960396,2.6,6.1333333,22.833333,54.666667,86.2333333,1,NA,1,"042XB012NM","2016/05/27","20163513201505B2",4.950495,9.144,27.94,0.990099,0.990099,0,35.56,0.990099,0.990099,3.2,"AIM","LMF","2016",0,0,"AIM","05/27",2016,5,"052016","spring"
"123",23479,32.09861,-107.2639,64.356436,4.950495,1,5.1333333,8.133333,76.7,90.9666667,1,NA,1,"042XB012NM","2016/05/31","20163513201406B1",0.990099,11.938,NA,0,0,4.950495,NA,4.950495,0,3.2,"AIM","LMF","2016",4.950495,0,"AIM","05/31",2016,5,"052016","spring"
"124",23480,32.10005,-107.2599,62.376238,10.891089,0.5,2.6333333,9.533333,74.8,87.4666667,1,NA,1,"042XB012NM","2016/05/31","20163513201406B2",0,12.7,12.7,8.910891,0.990099,0.990099,88.265,1.980198,0.990099,3.2,"AIM","LMF","2016",0.990099,0,"AIM","05/31",2016,5,"052016","spring"
"125",24195,31.87466,-106.7596,69.306931,22.772277,2.3,1.6,18.166667,56.6,78.6666667,1.111111,2,1,"042XB012NM","2015/06/04","20153513201411B1",0.990099,NA,NA,16.831683,0,0,57.15,0,0,3.2,"AIM","LMF","2015",0,0,"AIM","06/04",2015,6,"062015","summer"
"126",24222,31.87506,-106.7554,59.405941,28.712871,0,6.6,3.433333,50.9,60.9333333,1.222222,2,1,"042XB012NM","2015/06/04","20153513201411B2",0,NA,NA,25.742574,0,0,67.31,0,0,4.1,"AIM","LMF","2015",0,0,"AIM","06/04",2015,6,"062015","summer"
"127",25628,32.12308,-106.91,64.356436,26.732673,0.3333333,0,2,69.533333,71.8666667,1,1,1,"042XB012NM","2014/06/02","20143513201307B2",3.960396,NA,NA,21.782178,0,0,74.748571,0,0,3.2,"AIM","LMF","2014",0,0,"AIM","06/02",2014,6,"062014","summer"
"128",25641,31.82985,-107.2399,42.574257,20.792079,6.1333333,9.2666667,9.666667,6.833333,31.9,1,NA,1,"042XB015NM","2014/06/11","20143513201407B1",1.980198,NA,19.812,9.90099,12.871287,0,54.356,0,0,3.2,"AIM","LMF","2014",0,12.871287,"AIM","06/11",2014,6,"062014","summer"
"129",26637,32.93632,-106.9766,40.594059,27.722772,5.6333333,18.5333333,19.5,28.366667,72.0333333,1.888889,2,1.857143,"042XB015NM","2011/08/30","20113551041101R2",31.683168,NA,13.17625,16.831683,15.841584,0,61.685714,15.841584,15.841584,3.1,"AIM","LMF","2012",0,0,"AIM","08/30",2011,8,"082011","summer"
"130",26756,32.15575,-107.0461,61.386139,13.861386,0.9666667,1.6666667,10.5,72.333333,85.4666667,1,1,1,"042XB012NM","2011/08/08","20113513050301R2",16.831683,21.9075,5.842,11.881188,0,2.970297,95.504,0,0,3.2,"AIM","LMF","2012",0,0,"AIM","08/08",2011,8,"082011","summer"
"131",26759,32.13587,-107.1015,42.574257,29.70297,5.1,17.5666667,24.4,29.833333,76.9,2,3.25,1,"042XB015NM","2011/08/08","20113513050201O1",0.990099,20.32,20.8429412,1.980198,19.80198,7.920792,30.48,26.732673,19.80198,3.1,"AIM","LMF","2012",6.930693,0,"AIM","08/08",2011,8,"082011","summer"
"132",26760,32.12858,-107.1042,40.594059,33.663366,5.4666667,22.5666667,25.933333,10.5,64.4666667,1,1,1,"042XB012NM","2011/08/08","20113513050201O2",0,26.9009091,33.4818182,2.970297,16.831683,1.980198,76.2,18.811881,16.831683,3.1,"AIM","LMF","2012",1.980198,0,"AIM","08/08",2011,8,"082011","summer"
"133",27006,32.03537,-106.4839,43.564356,32.673267,1.3333333,3.5,14.033333,42.6,61.4666667,1.222222,1.666667,1,"042XB012NM","2011/09/20","20113513040801R1",0.990099,NA,NA,32.673267,0,0,85.852,0,0,3.2,"AIM","LMF","2012",0,0,"AIM","09/20",2011,9,"092011","fall"
"134",27007,32.03291,-106.4952,44.554455,28.712871,4.6666667,8.4,13,37.266667,63.3333333,1.222222,1.4,1,"042XB015NM","2011/08/11","20113513040801R2",2.970297,18.7325,NA,26.732673,0,4.950495,94.191667,4.950495,0,3.2,"AIM","LMF","2012",4.950495,0,"AIM","08/11",2011,8,"082011","summer"
"135",27063,32.26745,-108.0677,50.49505,37.623762,0.3666667,3.8,2.9,51.7,58.7666667,2.333333,3.5,1.4,"042XB012NM","2011/08/05","20113529070201O3",2.970297,NA,45.72,37.623762,8.910891,0,62.048571,8.910891,8.910891,3.1,"AIM","LMF","2012",0,0,"AIM","08/05",2011,8,"082011","summer"
"136",27123,31.7849,-107.3246,65.346535,13.861386,1.9333333,7,20.133333,56.766667,85.8333333,1.555556,1.5,1.571429,"042XB012NM","2011/08/10","20113529010901O2",3.960396,31.75,1.27,3.960396,1.980198,5.940594,127,5.940594,0,3.2,"AIM","LMF","2012",5.940594,1.980198,"AIM","08/10",2011,8,"082011","summer"
"137",27124,31.788,-107.3161,67.46988,20.481928,1.8333333,3.9666667,6.466667,46.266667,58.5333333,1.5,1.75,1.25,"042XB012NM","2011/08/10","20113529010901O3",0,38.608,NA,4.819277,1.204819,1.204819,83.82,0,0,3.2,"AIM","LMF","2012",0,1.204819,"AIM","08/10",2011,8,"082011","summer"
"138",27332,32.06813,-106.7462,71.287129,21.782178,0.3333333,0.5666667,1.966667,75.066667,77.9333333,1.222222,1.666667,1,"042XB012NM","2012/05/25","20123513040601O1",0.990099,NA,NA,18.811881,0,0,70.938571,0,0,3.2,"AIM","LMF","2012",0,0,"AIM","05/25",2012,5,"052012","spring"
"139",27333,32.05849,-106.7405,62.376238,23.762376,0.5,5.4333333,8.033333,59.1,73.0666667,1.222222,1.5,1,"042XB012NM","2012/05/29","20123513040601O2",0,NA,NA,17.821782,0,0,50.409231,0,0,4.1,"AIM","LMF","2012",0,0,"AIM","05/29",2012,5,"052012","spring"
"140",27470,32.66524,-107.0594,45.544554,18.811881,0.8666667,4.4,1.966667,72.833333,80.0666667,3,3.8,2,"042XB012NM","2012/06/22","20123513110301R2",25.742574,12.7,NA,15.841584,0,0.990099,86.642222,0,0,3.2,"AIM","LMF","2012",0,0,"AIM","06/22",2012,6,"062012","summer"
"141",29527,32.14002,-107.2107,42.574257,2.970297,0,1.6666667,3.3,91,95.9666667,1,NA,1,"042XB012NM","2018/04/06","20183513201401B3",9.90099,NA,NA,0,0,0,34.29,0,0,3.2,"AIM","LMF","2018",0,0,"AIM","04/06",2018,4,"042018","spring"
"142",29528,31.79661,-107.0664,66.336634,8.910891,0.4666667,1.7333333,3.266667,82.1,87.5666667,1,NA,1,"042XB015NM","2018/04/05","20183513201418B1",22.772277,NA,NA,5.940594,0,0,49.276,0,0,3.2,"AIM","LMF","2018",0,0,"AIM","04/05",2018,4,"042018","spring"
"143",106100,32.6271,-106.739,74.03035,20.15177,3.083333,3.243333,11.59333,62.93,80.85,NA,NA,NA," UNKNOWN","2022-06-10","15050113465465692022-06-10",0,8.333333,9.428571,15.008432,4.384486,0.33726813,70.82979,4.721754,4.384486,0,"NWERN","NWERN_JER","REPORT10Jun22JERDIMA5.4asof2019-04-19",0.33726813,0,"MESIN","06-10",2022,6,"062022","summer"
"144",107100,32.6271,-106.739,71.05485,16.54008,3,9.326667,17.96667,55.22,85.51333,NA,NA,NA," UNKNOWN","2019-12-13","15050113465465692019-12-13",0.08438819,10.2,13.784314,8.101266,8.438819,1.01265823,66.375,9.198312,8.438819,2.2,"NWERN","NWERN_JER","REPORT13Dec19JERDIMA5.4asof2019-04-19",0.84388186,0,"MESIN","12-13",2020,12,"122019","winter"
"145",108100,32.6271,-106.739,74.45194,13.40641,2.216667,5.35,10.29,71.25,89.10667,NA,NA,NA," UNKNOWN","2023-12-13","15050113465465692023-12-13",0,6,9.25,9.696459,3.035413,0.16863406,61.28889,3.204047,3.035413,0,"NWERN","NWERN_JER","REPORT13Dec23JERDIMA5.4asof2019-04-19",0.16863406,0,"MESIN","12-13",2024,12,"122023","winter"
"146",109100,32.6271,-106.739,70.91062,17.20067,3.156667,7.9,20.54,51.66667,83.26333,NA,NA,NA," UNKNOWN","2020-12-14","15050113465465692020-12-14",0,10.24,9.470588,9.359191,5.227656,1.34907251,67.02128,5.649241,5.227656,3.2,"NWERN","NWERN_JER","REPORT14Dec20JERDIMA5.4asof2019-04-19",0.50590219,0,"MESIN","12-14",2021,12,"122020","winter"
"147",110100,32.6271,-106.739,64.16526,17.11636,2.356667,6.443333,11.15667,64.61667,84.57333,NA,NA,NA," UNKNOWN","2023-09-14","15050113465465692023-09-14",0,6.5,12.666667,13.06914,3.288364,0.16863406,59.26,3.456998,3.288364,0,"NWERN","NWERN_JER","REPORT14Sep23JERDIMA5.4asof2019-04-19",0.16863406,0,"MESIN","09-14",2023,9,"092023","fall"
"148",111100,32.6271,-106.739,72.7656,15.09275,1.356667,6.82,12.89,65.53,86.59667,NA,NA,NA," UNKNOWN","2022-12-15","15050113465465692022-12-15",0,6.388889,12.551724,10.79258,3.456998,0.33726813,64.82353,3.794266,3.456998,3.2,"NWERN","NWERN_JER","REPORT15Dec22JERDIMA5.4asof2019-04-19",0.33726813,0,"MESIN","12-15",2023,12,"122022","winter"
"149",112100,32.6271,-106.739,73.96799,17.10194,2.09,6.466667,13.83667,60.30333,82.69667,NA,NA,NA," UNKNOWN","2021-06-15","15050113465465692021-06-15",0,10.111111,9.470588,12.047178,4.465038,0.33698399,75.72093,4.802022,4.465038,3.2,"NWERN","NWERN_JER","REPORT15Jun21JERDIMA5.4asof2019-04-19",0.33698399,0,"MESIN","06-15",2021,6,"062021","summer"
"150",113100,32.6271,-106.739,72.81145,15.99327,2.653333,6.186667,12.98,63.30667,85.12667,NA,NA,NA," UNKNOWN","2021-03-15","15050113465465692021-03-15",0,11.631579,9.305556,9.59596,5.218855,0.75757576,72.51282,5.892256,5.218855,3.2,"NWERN","NWERN_JER","REPORT15Mar21JERDIMA5.4asof2019-04-19",0.75757576,0,"MESIN","03-15",2021,3,"032021","spring"
"151",114100,32.6271,-106.739,68.52321,25.99156,4.09,12.706667,19.24667,38.98,75.02333,NA,NA,NA," UNKNOWN","2020-09-15","15050113465465692020-09-15",0,10.84375,11.722222,16.962025,5.822785,2.9535865,68.11538,8.101266,5.822785,4.1,"NWERN","NWERN_JER","REPORT15Sept20JERDIMA5.4asof2019-04-19",2.3628692,0,"MESIN","09-15",2020,9,"092020","fall"
"152",115100,32.6271,-106.739,71.16358,24.19899,5.506667,11.533333,22.88333,36.53,76.45333,NA,NA,NA," UNKNOWN","2019-09-18","15050113465465692019-09-18",0,11.428571,13.416667,15.3457,8.684654,2.19224283,68.93333,10.539629,8.684654,4.1,"NWERN","NWERN_JER","REPORT18Sept19JERDIMA5.4asof2019-04-19",2.02360877,0,"MESIN","09-18",2019,9,"092019","fall"
"153",116100,32.6271,-106.739,70.82631,16.52614,2.403333,8.276667,11.31,63.85667,85.84667,NA,NA,NA," UNKNOWN","2021-12-22","15050113465465692021-12-22",0,8.324324,13.484848,8.684654,5.059022,1.43338954,70.17021,5.649241,4.806071,0,"NWERN","NWERN_JER","REPORT22Dec21JERDIMA5.4asof2019-04-19",0.84317032,0.2529511,"MESIN","12-22",2022,12,"122021","winter"
"154",117100,32.6271,-106.739,73.10287,19.8145,2.463333,7.556667,14.01333,57.14667,81.18,NA,NA,NA," UNKNOWN","2023-06-22","15050113465465692023-06-22",0,6.105263,8.62069,15.430017,3.541315,0.67453626,60.32075,4.215852,3.541315,0,"NWERN","NWERN_JER","REPORT22Jun23JERDIMA5.4asof2019-04-19",0.67453626,0,"MESIN","06-22",2023,6,"062023","summer"
"155",118100,32.6271,-106.739,68.2968,24.78921,3.103333,11.266667,20.3,42.96667,77.63667,NA,NA,NA," UNKNOWN","2021-09-22","15050113465465692021-09-22",0,8.955556,14.178571,16.273187,5.733558,2.44519393,67.26415,6.408094,5.480607,4.1,"NWERN","NWERN_JER","REPORT22Sept21JERDIMA5.4asof2019-04-19",0.92748735,0.2529511,"MESIN","09-22",2021,9,"092021","fall"
"156",119100,32.6271,-106.739,73.96799,14.40607,2.136667,4.623333,12.43667,67.51333,86.71,NA,NA,NA," UNKNOWN","2022-03-23","15050113465465692022-03-23",0,10.722222,11.368421,8.340354,4.549284,0.33698399,68.74468,4.549284,4.380792,3.2,"NWERN","NWERN_JER","REPORT23Mar22JERDIMA5.4asof2019-04-19",0.168492,0.168492,"MESIN","03-23",2022,3,"032022","spring"
"157",120100,32.6271,-106.739,65.93592,14.58685,2.02,5.046667,10.10667,70.56667,87.74,NA,NA,NA," UNKNOWN","2023-03-23","15050113465465692023-03-23",0,7.9375,11.580645,9.106239,4.468803,0.08431703,63.63265,4.55312,4.468803,3.2,"NWERN","NWERN_JER","REPORT23Mar23JERDIMA5.4asof2019-04-19",0.08431703,0,"MESIN","03-23",2023,3,"032023","spring"
"158",121100,32.6271,-106.739,71.52485,22.1567,3.066667,8.276667,16.29333,52.13,79.76667,NA,NA,NA," UNKNOWN","2022-09-23","15050113465465692022-09-23",0,8.083333,14.5,15.248526,4.886268,1.26368997,68.2449,6.149958,4.886268,0,"NWERN","NWERN_JER","REPORT23Sept22JERDIMA5.4asof2019-04-19",1.26368997,0,"MESIN","09-23",2022,9,"092022","fall"
"159",122100,32.6271,-106.739,72.65823,15.18987,3.733333,7.95,18.48667,55.65333,85.82333,NA,NA,NA," UNKNOWN","2020-03-24","15050113465465692020-03-24",0,9.5,12.428571,7.510549,6.919831,1.51898734,65,7.172996,6.919831,3.2,"NWERN","NWERN_JER","REPORT24Mar20JERDIMA5.5aasof2020-06-26",0.33755274,0,"MESIN","03-24",2020,3,"032020","spring"
"160",123100,32.6271,-106.739,70.42965,21.65122,3.55,9.91,22.10333,42.69333,78.25667,NA,NA,NA," UNKNOWN","2019-10-31","15050113465465692019-10-31",0,10.576923,14.098039,14.74305,7.58214,0.84245998,71.1,8.256108,7.58214,3.2,"NWERN","NWERN_JER","REPORT31Oct19JERDIMA5.4asof2019-04-19",0.67396799,0,"MESIN","10-31",2019,10,"102019","fall"
"161",124100,32.6271,-106.739,56.10783,32.01348,10.556667,17.096667,27.33,19.46333,74.44667,NA,NA,NA," UNKNOWN","2015-05-05","15050113465465692015-05-05",0.084246,10.394737,23.263158,8.930076,20.556024,4.9705139,67.25,24.936816,20.471778,2.2,"NWERN","NWERN_JER","REPORT5May15-5Mar19JERDIMA5.4asof2019-04-19",4.8862679,0.084246,"MESIN","05-05",2015,5,"052015","spring"
"162",125100,32.6271,-106.739,58.09444,33.30523,12,21.01,22.57667,14.00333,69.59,NA,NA,NA," UNKNOWN","2015-09-24","15050113465465692015-09-24",0,14.021739,28.434783,10.286678,19.645868,6.3237774,73.95455,25.379427,19.645868,2.2,"NWERN","NWERN_JER","REPORT5May15-5Mar19JERDIMA5.4asof2019-04-19",6.3237774,0,"MESIN","09-24",2015,9,"092015","fall"
"163",126100,32.6271,-106.739,68.71838,21.07926,8.803333,16.283333,22.55,32.4,80.03667,NA,NA,NA," UNKNOWN","2016-03-28","15050113465465692016-03-28",0,11.114286,19.864865,5.902192,14.333895,1.8549747,76.19048,15.851602,14.333895,2.2,"NWERN","NWERN_JER","REPORT5May15-5Mar19JERDIMA5.4asof2019-04-19",1.60202361,0,"MESIN","03-28",2016,3,"032016","spring"
"164",127100,32.6271,-106.739,68.40775,21.81971,5.553333,13.986667,22.49333,38.98667,81.02,NA,NA,NA," UNKNOWN","2016-07-19","15050113465465692016-07-19",0,9.607143,15.661972,9.519798,11.878686,1.17944398,71.38462,12.889638,11.878686,2.2,"NWERN","NWERN_JER","REPORT5May15-5Mar19JERDIMA5.4asof2019-04-19",1.01095198,0,"MESIN","07-19",2016,7,"072016","summer"
"165",128100,32.6271,-106.739,69.50295,22.07245,6.28,12.466667,24.74,37.6,81.08667,NA,NA,NA," UNKNOWN","2016-10-24","15050113465465692016-10-24",0.084246,7.178571,16.184211,9.604044,12.889638,1.17944398,76.76,13.984836,12.805392,2.2,"NWERN","NWERN_JER","REPORT5May15-5Mar19JERDIMA5.4asof2019-04-19",1.17944398,0.084246,"MESIN","10-24",2016,10,"102016","fall"
"166",129100,32.6271,-106.739,78.34878,13.64785,5,11.093333,20.07667,49.68667,85.85667,NA,NA,NA," UNKNOWN","2017-03-29","15050113465465692017-03-29",0,5.857143,13.418919,5.89722,7.919124,0.67396799,68,8.508846,7.919124,2.2,"NWERN","NWERN_JER","REPORT5May15-5Mar19JERDIMA5.4asof2019-04-19",0.67396799,0,"MESIN","03-29",2017,3,"032017","spring"
"167",130100,32.6271,-106.739,69.75569,25.44229,6.5,15.456667,24.03333,30.29333,76.28333,NA,NA,NA," UNKNOWN","2017-08-08","15050113465465692017-08-08",0,10.878788,16.421875,11.79444,12.047178,3.70682393,67.78125,15.417018,12.047178,2.2,"NWERN","NWERN_JER","REPORT5May15-5Mar19JERDIMA5.4asof2019-04-19",3.62257793,0,"MESIN","08-08",2017,8,"082017","summer"
"168",131100,32.6271,-106.739,61.80438,25.96965,7.256667,14.736667,20.49,35.83,78.31333,NA,NA,NA," UNKNOWN","2017-11-14","15050113465465692017-11-14",0,14.297297,25.348485,10.961214,14.418212,5.22765599,68.40741,18.549747,14.418212,2.2,"NWERN","NWERN_JER","REPORT5May15-5Mar19JERDIMA5.4asof2019-04-19",5.14333895,0,"MESIN","11-14",2017,11,"112017","fall"
"169",132100,32.6271,-106.739,70.5139,18.44987,5.276667,10.453333,17.51333,50.07667,83.32,NA,NA,NA," UNKNOWN","2018-03-08","15050113465465692018-03-08",0,14,22.128571,6.571188,12.047178,0.75821398,69.88,12.805392,12.047178,2.2,"NWERN","NWERN_JER","REPORT5May15-5Mar19JERDIMA5.4asof2019-04-19",0.75821398,0,"MESIN","03-08",2018,3,"032018","spring"
"170",133100,32.6271,-106.739,68.74473,23.84162,3.64,10.643333,20.39333,44.80333,79.48,NA,NA,NA," UNKNOWN","2018-06-11","15050113465465692018-06-11",0,11.478261,20.546875,13.395114,11.204718,1.85341196,74.58065,12.973884,11.204718,2.2,"NWERN","NWERN_JER","REPORT5May15-5Mar19JERDIMA5.4asof2019-04-19",1.85341196,0,"MESIN","06-11",2018,6,"062018","summer"
"171",134100,32.6271,-106.739,70.74199,22.00675,4.006667,10.723333,17.37,47.38333,79.48333,NA,NA,NA," UNKNOWN","2018-10-03","15050113465465692018-10-03",0,10.238095,15.666667,12.816189,9.359191,1.43338954,70.75758,10.79258,9.359191,2.2,"NWERN","NWERN_JER","REPORT5May15-5Mar19JERDIMA5.4asof2019-04-19",1.43338954,0,"MESIN","10-03",2018,10,"102018","fall"
"172",135100,32.6271,-106.739,71.27211,22.66217,3.946667,15.223333,18.71667,38.77667,76.66333,NA,NA,NA," UNKNOWN","2019-06-07","15050113465465692019-06-07",0,8.4,14.156863,15.58551,7.076664,1.85341196,70.56098,8.677338,7.076664,4.1,"NWERN","NWERN_JER","REPORT7Jun19JERDIMA5.4asof2019-04-19",1.76916596,0,"MESIN","06-07",2019,6,"062019","summer"
"173",136100,32.6271,-106.739,66.97557,25.52654,4.71,10.363333,24.19,34.64333,73.90667,NA,NA,NA," UNKNOWN","2020-06-08","15050113465465692020-06-08",0,11.361111,14.558824,17.017692,6.31845,2.94860994,67.95833,7.666386,6.31845,4.1,"NWERN","NWERN_JER","REPORT8Jun20JERDIMA5.4asof2019-04-19",1.34793597,0,"MESIN","06-08",2020,6,"062020","summer"
"174",61000,32.6636,-106.832,63.61111,22.77778,2.2111111,2.566667,5.555556,68.87778,79.21111,NA,NA,NA," UNKNOWN","2018-06-21","18050810301795522018-06-21",1.6666667,17.5,NA,19.722222,0,6.3888889,63.4,0,0,4.1,"DuRP","DUNE MWAC","DuRP_MWAC_DIMA5pt5a_11Mar22",0,0,"DUNE","06-21",2018,6,"062018","summer"
"175",341000,32.6636,-106.832,57.22222,25,2.1888889,1.677778,8.311111,62.73333,74.91111,NA,NA,NA," UNKNOWN","2020-08-20","18050810301795522020-08-20",6.1111111,26.333333,1,21.388889,0,5,65.9,0,0,4.1,"DuRP","DUNE MWAC","DuRP_MWAC_DIMA5pt5a_11Mar22",0,0,"DUNE","08-20",2020,8,"082020","summer"
"176",35487,32.6441,-106.837,40,39.44444,0.6333333,7.222222,11.444444,46.31111,65.61111,NA,NA,NA," UNKNOWN","2018-06-21","18050810543346852018-06-21",0.5555556,NA,26.20833,18.888889,34.1666667,0.8333333,72.92308,32.22222,31.94444,6.1,"DuRP","GRASS MWAC","DuRP_MWAC_DIMA5pt5a_11Mar22",0.2777778,2.5,"GRASS","06-21",2018,6,"062018","summer"
"177",36100,32.6441,-106.837,43.33333,44.16667,2.1777778,5.311111,8.366667,44.46667,60.32222,NA,NA,NA," UNKNOWN","2020-08-20","18050810543346852020-08-20",1.1111111,34.166667,49.18182,21.111111,30.5555556,8.3333333,59.63158,29.72222,29.72222,6.1,"DuRP","GRASS MWAC","DuRP_MWAC_DIMA5pt5a_11Mar22",0,0.8333333,"GRASS","08-20",2020,8,"082020","summer"
"178",37100,32.5836,-106.828,28.61111,46.94444,13.0222222,20.411111,10.877778,13.73333,58.04444,NA,NA,NA," UNKNOWN","2018-05-10","18050810571799032018-05-10",0.2777778,12.25,43,3.888889,39.7222222,2.5,59,40,38.88889,2.1,"DuRP","BOER MWAC","DuRP_MWAC_DIMA5pt5a_11Mar22",1.1111111,0.8333333,"BOER","05-10",2018,5,"052018","spring"
"179",38100,32.5836,-106.828,33.61111,43.61111,9.3777778,28.244444,8.388889,18.93333,64.94444,NA,NA,NA," UNKNOWN","2020-08-19","18050810571799032020-08-19",1.1111111,20.3,41.53571,6.388889,28.6111111,8.3333333,69.2,30.55556,28.33333,2.1,"DuRP","BOER MWAC","DuRP_MWAC_DIMA5pt5a_11Mar22",2.2222222,0.2777778,"BOER","08-19",2020,8,"082020","summer"
"180",110001,32.66363,-106.83172,59.7222222222222,21.3888888888889,3.03333333333333,3.54444444444444,8.51111111111111,60.0222222222222,75.1111111111111,NA,NA,NA," UNKNOWN","2021-08-25","18050810301795522021-08-25",1.38888888888889,1.86454545454545,9,18.0555555555556,0,3.05555555555556,66.0909090909091,0,0,4.1,"DuRP","DUNE MWAC","DuRP",0,0,"DUNE","08-25",2021,8,"082021","summer"
"181",210001,32.644115,-106.837105,41.9444444444444,46.3888888888889,1.75,12.2666666666667,14.3,32.4333333333333,60.75,NA,NA,NA," UNKNOWN","2021-08-25","18050810543346852021-08-25",0.833333333333333,29.5,34.68,20,36.1111111111111,2.5,63.5,33.0555555555556,33.0555555555556,6.1,"DuRP","GRASS MWAC","DuRP",0,3.61111111111111,"GRASS","08-25",2021,8,"082021","summer"
"182",35488,32.58364,-106.82795,15.8333333333333,79.7222222222222,15.3222222222222,3.94444444444444,3.82222222222222,0,23.0888888888889,NA,NA,NA," UNKNOWN","2021-08-25","18050810571799032021-08-25",0.277777777777778,33,47.2702702702703,7.22222222222222,66.6666666666667,20.2777777777778,74.25,35.5555555555556,33.3333333333333,2.2,"DuRP","BOER MWAC","DuRP",2.77777777777778,45.8333333333333,"BOER","08-25",2021,8,"082021","summer"
"183",41001,32.66363,-106.83172,65.5555555555556,21.9444444444444,3.83333333333333,2.81111111111111,7.54444444444444,63.7111111111111,77.9,NA,NA,NA," UNKNOWN","2023-08-31","18050810301795522023-08-31",3.33333333333333,2.75,NA,19.7222222222222,0.277777777777778,0,66.7647058823529,0.277777777777778,0.277777777777778,4.1,"DuRP","DUNE MWAC","DuRP",0,0,"DUNE","08-31",2023,8,"082023","summer"
"184",51001,32.644115,-106.837105,45,34.7222222222222,3.85555555555556,7.03333333333333,12.8,48.6777777777778,72.3666666666667,NA,NA,NA," UNKNOWN","2023-08-31","18050810543346852023-08-31",0,7,21.5625,16.1111111111111,23.3333333333333,0.555555555555556,61.6470588235294,21.3888888888889,21.3888888888889,6.1,"DuRP","GRASS MWAC","DuRP",0,2.22222222222222,"GRASS","08-31",2023,8,"082023","summer"
"185",61001,32.58364,-106.82795,39.4444444444444,34.7222222222222,4.52222222222222,23.1666666666667,13.3222222222222,30.7111111111111,71.7222222222222,NA,NA,NA," UNKNOWN","2023-08-31","18050810571799032023-08-31",0.277777777777778,9.11111111111111,35.9310344827586,6.94444444444444,23.0555555555556,1.38888888888889,65.7142857142857,23.0555555555556,22.7777777777778,3.2,"DuRP","BOER MWAC","DuRP",0.277777777777778,0.277777777777778,"BOER","08-31",2023,8,"082023","summer"
"186",110002,32.66363,-106.83172,65.5555555555556,19.4444444444444,2.63333333333333,3.36666666666667,5.66666666666667,65.0333333333333,76.7,NA,NA,NA," UNKNOWN","2022-09-19","18050810301795522022-09-19",0.833333333333333,7,NA,17.2222222222222,0,0.555555555555556,59.0952380952381,0,0,4.1,"DuRP","DUNE MWAC","DuRP_MWAC_Veg_Sep2022_DIMA5pt5a_FIELD",0,0,"DUNE","09-19",2022,9,"092022","fall"
"187",210002,32.644115,-106.837105,35.2777777777778,49.1666666666667,8.86666666666667,11.9111111111111,18.0111111111111,14.3666666666667,53.1555555555556,NA,NA,NA," UNKNOWN","2022-09-19","18050810543346852022-09-19",0,6.5,37.05,18.0555555555556,33.3333333333333,9.44444444444444,66.9375,28.0555555555556,28.0555555555556,6.1,"DuRP","GRASS MWAC","DuRP_MWAC_Veg_Sep2022_DIMA5pt5a_FIELD",0,5.55555555555556,"GRASS","09-19",2022,9,"092022","fall"
"188",35489,32.58364,-106.82795,17.5,54.7222222222222,16.8222222222222,14.0666666666667,20.7666666666667,3.35555555555556,55.0111111111111,NA,NA,NA," UNKNOWN","2022-09-19","18050810571799032022-09-19",0.555555555555556,21,42.21875,6.38888888888889,42.5,4.72222222222222,68,33.3333333333333,32.7777777777778,2.1,"DuRP","BOER MWAC","DuRP_MWAC_Veg_Sep2022_DIMA5pt5a_FIELD",0.555555555555556,11.6666666666667,"BOER","09-19",2022,9,"092022","fall"
